LNgirl1,Ms,Aaliyah
LNgirl2,Ms,Aasia
LNgirl3,Ms,Aba
LNgirl4,Ms,Abbey
LNgirl5,Ms,Abbie
LNgirl6,Ms,Abby
LNgirl7,Ms,Abelia
LNgirl8,Ms,Abella
LNgirl9,Ms,Abeo
LNgirl10,Ms,Abey
LNgirl11,Ms,Abha
LNgirl12,Ms,Abhilasha
LNgirl13,Ms,Abia
LNgirl14,Ms,Abigail
LNgirl15,Ms,Abijah
LNgirl16,Ms,Abilene
LNgirl17,Ms,Abina
LNgirl18,Ms,Abiona
LNgirl19,Ms,Abir
LNgirl20,Ms,Abira
LNgirl21,Ms,Abra
LNgirl22,Ms,Abrianna
LNgirl23,Ms,Abrienda
LNgirl24,Ms,Acacia
LNgirl25,Ms,Acadia
LNgirl26,Ms,Acanit
LNgirl27,Ms,Acantha
LNgirl28,Ms,Accalia
LNgirl29,Ms,Acedia
LNgirl30,Ms,Achal
LNgirl31,Ms,Achazia
LNgirl32,Ms,Achen
LNgirl33,Ms,Achilla
LNgirl34,Ms,Achit
LNgirl35,Ms,Achlys
LNgirl36,Ms,Ada
LNgirl37,Ms,Adabelle
LNgirl38,Ms,Adah
LNgirl39,Ms,Adalgisa
LNgirl40,Ms,Adalia
LNgirl41,Ms,Adama
LNgirl42,Ms,Adamina
LNgirl43,Ms,Adamma
LNgirl44,Ms,Adana
LNgirl45,Ms,Adar
LNgirl46,Ms,Adara
LNgirl47,Ms,Addi
LNgirl48,Ms,Addie
LNgirl49,Ms,Addisyn
LNgirl50,Ms,Addy
LNgirl51,Ms,Adela
LNgirl52,Ms,Adelaide
LNgirl53,Ms,Adele
LNgirl54,Ms,Adelicia
LNgirl55,Ms,Adelina
LNgirl56,Ms,Adelinda
LNgirl57,Ms,Adeline
LNgirl58,Ms,Adelle
LNgirl59,Ms,Adelpha
LNgirl60,Ms,Ademia
LNgirl61,Ms,Aden
LNgirl62,Ms,Adena
LNgirl63,Ms,Adeola
LNgirl64,Ms,Aderes
LNgirl65,Ms,Aderyn
LNgirl66,Ms,Adesina
LNgirl67,Ms,Adhira
LNgirl68,Ms,Adiba
LNgirl69,Ms,Adie
LNgirl70,Ms,Adiel
LNgirl71,Ms,Adila
LNgirl72,Ms,Adima
LNgirl73,Ms,Adina
LNgirl74,Ms,Adishree
LNgirl75,Ms,Aditi
LNgirl76,Ms,Adiva
LNgirl77,Ms,Adolfina
LNgirl78,Ms,Adolpha
LNgirl79,Ms,Adona
LNgirl80,Ms,Adoncia
LNgirl81,Ms,Adonia
LNgirl82,Ms,Adora
LNgirl83,Ms,Adorabelle
LNgirl84,Ms,Adorna
LNgirl85,Ms,Adriana
LNgirl86,Ms,Adriano
LNgirl87,Ms,Adrienne
LNgirl88,Ms,Aegea
LNgirl89,Ms,Aemilia
LNgirl90,Ms,Aeryn
LNgirl91,Ms,Affrica
LNgirl92,Ms,Afina
LNgirl93,Ms,Afra
LNgirl94,Ms,Afraima
LNgirl95,Ms,Afric
LNgirl96,Ms,Africa
LNgirl97,Ms,Afton
LNgirl98,Ms,Agape
LNgirl99,Ms,Agate
LNgirl100,Ms,Agatha
LNgirl101,Ms,Aggie
LNgirl102,Ms,Aglaia
LNgirl103,Ms,Agnes
LNgirl104,Ms,Agneta
LNgirl105,Ms,Ahava
LNgirl106,Ms,Ahimsa
LNgirl107,Ms,Ahnada
LNgirl108,Ms,Ahneta
LNgirl109,Ms,Ahuva
LNgirl110,Ms,Ai
LNgirl111,Ms,Aida
LNgirl112,Ms,Aidan
LNgirl113,Ms,Aide
LNgirl114,Ms,Aideen
LNgirl115,Ms,Aiesha
LNgirl116,Ms,Aijah
LNgirl117,Ms,Aiko
LNgirl118,Ms,Aila
LNgirl119,Ms,Aileen
LNgirl120,Ms,Ailis
LNgirl121,Ms,Ailish
LNgirl122,Ms,Ailsa
LNgirl123,Ms,Aimee
LNgirl124,Ms,Ain
LNgirl125,Ms,Aina
LNgirl126,Ms,Aine
LNgirl127,Ms,Aingeal
LNgirl128,Ms,Ainhoa
LNgirl129,Ms,Ainsley
LNgirl130,Ms,Aintzane
LNgirl131,Ms,Airlia
LNgirl132,Ms,Aisha
LNgirl133,Ms,Aisling
LNgirl134,Ms,Aislinn
LNgirl135,Ms,Aissa
LNgirl136,Ms,Aithne
LNgirl137,Ms,Aiyana
LNgirl138,Ms,Aja
LNgirl139,Ms,Ajay
LNgirl140,Ms,Akaisha
LNgirl141,Ms,Akako
LNgirl142,Ms,Akala
LNgirl143,Ms,Akana
LNgirl144,Ms,Akanke
LNgirl145,Ms,Akanksha
LNgirl146,Ms,Akasma
LNgirl147,Ms,Akela
LNgirl148,Ms,Akila
LNgirl149,Ms,Akilah
LNgirl150,Ms,Akili
LNgirl151,Ms,Akilina
LNgirl152,Ms,Akina
LNgirl153,Ms,Akriti
LNgirl154,Ms,Aksana
LNgirl155,Ms,Akshita
LNgirl156,Ms,Akuti
LNgirl157,Ms,Alaine
LNgirl158,Ms,Alake
LNgirl159,Ms,Alala
LNgirl160,Ms,Alameda
LNgirl161,Ms,Alana
LNgirl162,Ms,Alani
LNgirl163,Ms,Alankrita
LNgirl164,Ms,Alanna
LNgirl165,Ms,Alaqua
LNgirl166,Ms,Alarice
LNgirl167,Ms,Alastrina
LNgirl168,Ms,Alatea
LNgirl169,Ms,Alavda
LNgirl170,Ms,Alazne
LNgirl171,Ms,Alba
LNgirl172,Ms,Alberta
LNgirl173,Ms,Albina
LNgirl174,Ms,Albinka
LNgirl175,Ms,Alcina
LNgirl176,Ms,Alda
LNgirl177,Ms,Aldabella
LNgirl178,Ms,Aldara
LNgirl179,Ms,Aldea
LNgirl180,Ms,Aldercy
LNgirl181,Ms,Aldonza
LNgirl182,Ms,Aldora
LNgirl183,Ms,Alejandra
LNgirl184,Ms,Aleka
LNgirl185,Ms,Aleksandra
LNgirl186,Ms,Aleksia
LNgirl187,Ms,Alena
LNgirl188,Ms,Aleshanee
LNgirl189,Ms,Alessa
LNgirl190,Ms,Alessandra
LNgirl191,Ms,Alesti
LNgirl192,Ms,Aleta
LNgirl193,Ms,Alethea
LNgirl194,Ms,Alex
LNgirl195,Ms,Alexa
LNgirl196,Ms,Alexandra
LNgirl197,Ms,Alexandria
LNgirl198,Ms,Alexavia
LNgirl199,Ms,Alexia
LNgirl200,Ms,Alexina
LNgirl201,Ms,Alexis
LNgirl202,Ms,Alfonsa
LNgirl203,Ms,Alfreda
LNgirl204,Ms,Algerine
LNgirl205,Ms,Ali
LNgirl206,Ms,Alia
LNgirl207,Ms,Alice
LNgirl208,Ms,Alicia
LNgirl209,Ms,Alida
LNgirl210,Ms,Alike
LNgirl211,Ms,Alima
LNgirl212,Ms,Alina
LNgirl213,Ms,Aline
LNgirl214,Ms,Alinga
LNgirl215,Ms,Alisa
LNgirl216,Ms,Alisha
LNgirl217,Ms,Alison
LNgirl218,Ms,Alissa
LNgirl219,Ms,Alita
LNgirl220,Ms,Alithia
LNgirl221,Ms,Aliya
LNgirl222,Ms,Aliz
LNgirl223,Ms,Aliza
LNgirl224,Ms,Alize
LNgirl225,Ms,Alka
LNgirl226,Ms,Alkina
LNgirl227,Ms,Alkira
LNgirl228,Ms,Allayna
LNgirl229,Ms,Allegra
LNgirl230,Ms,Allene
LNgirl231,Ms,Allie
LNgirl232,Ms,Allirea
LNgirl233,Ms,Allison
LNgirl234,Ms,Allora
LNgirl235,Ms,Allunga
LNgirl236,Ms,Allyson
LNgirl237,Ms,Alma
LNgirl238,Ms,Almeda
LNgirl239,Ms,Almedha
LNgirl240,Ms,Almira
LNgirl241,Ms,Alodia
LNgirl242,Ms,Alodie
LNgirl243,Ms,Aloha
LNgirl244,Ms,Alohi
LNgirl245,Ms,Alona
LNgirl246,Ms,Alonsa
LNgirl247,Ms,Alonza
LNgirl248,Ms,Alouetta
LNgirl249,Ms,Aloysia
LNgirl250,Ms,Alpa
LNgirl251,Ms,Alpha
LNgirl252,Ms,Alta
LNgirl253,Ms,Altair
LNgirl254,Ms,Althea
LNgirl255,Ms,Altheda
LNgirl256,Ms,Alula
LNgirl257,Ms,Aluma
LNgirl258,Ms,Alumit
LNgirl259,Ms,Alva
LNgirl260,Ms,Alvina
LNgirl261,Ms,Alvira
LNgirl262,Ms,Alvita
LNgirl263,Ms,Alyna
LNgirl264,Ms,Alysa
LNgirl265,Ms,Alysia
LNgirl266,Ms,Alyson
LNgirl267,Ms,Alyssa
LNgirl268,Ms,Alzena
LNgirl269,Ms,Ama
LNgirl270,Ms,Amabel
LNgirl271,Ms,Amadea
LNgirl272,Ms,Amadi
LNgirl273,Ms,Amadika
LNgirl274,Ms,Amadis
LNgirl275,Ms,Amadora
LNgirl276,Ms,Amaia
LNgirl277,Ms,Amala
LNgirl278,Ms,Amalie
LNgirl279,Ms,Amana
LNgirl280,Ms,Amanda
LNgirl281,Ms,Amandeep
LNgirl282,Ms,Amandine
LNgirl283,Ms,Amandla
LNgirl284,Ms,Amani
LNgirl285,Ms,Amara
LNgirl286,Ms,Amarante
LNgirl287,Ms,Amaranth
LNgirl288,Ms,Amarina
LNgirl289,Ms,Amaris
LNgirl290,Ms,Amaryllis
LNgirl291,Ms,Amata
LNgirl292,Ms,Amaya
LNgirl293,Ms,Amazonia
LNgirl294,Ms,Ambar
LNgirl295,Ms,Amber
LNgirl296,Ms,Amberjill
LNgirl297,Ms,Amberley
LNgirl298,Ms,Ambika
LNgirl299,Ms,Ambra
LNgirl300,Ms,Ambria
LNgirl301,Ms,Ambrosine
LNgirl302,Ms,Amdis
LNgirl303,Ms,Ameerah
LNgirl304,Ms,Amelia
LNgirl305,Ms,Amelinda
LNgirl306,Ms,Amena
LNgirl307,Ms,Ames
LNgirl308,Ms,Amethyst
LNgirl309,Ms,Ami
LNgirl310,Ms,Amice
LNgirl311,Ms,Amina
LNgirl312,Ms,Aminta
LNgirl313,Ms,Amira
LNgirl314,Ms,Amisha
LNgirl315,Ms,Amissa
LNgirl316,Ms,Amita
LNgirl317,Ms,Amitola
LNgirl318,Ms,Amity
LNgirl319,Ms,Amoke
LNgirl320,Ms,Amorina
LNgirl321,Ms,Amorita
LNgirl322,Ms,Amrita
LNgirl323,Ms,Amy
LNgirl324,Ms,An
LNgirl325,Ms,Ana
LNgirl326,Ms,Anabelle
LNgirl327,Ms,Anahid
LNgirl328,Ms,Anais
LNgirl329,Ms,Anamika
LNgirl330,Ms,Anan
LNgirl331,Ms,Anana
LNgirl332,Ms,Ananda
LNgirl333,Ms,Anani
LNgirl334,Ms,Anar
LNgirl335,Ms,Anastasia
LNgirl336,Ms,Anata
LNgirl337,Ms,Anatola
LNgirl338,Ms,Anaya
LNgirl339,Ms,Anca
LNgirl340,Ms,Ancelin
LNgirl341,Ms,Anchoret
LNgirl342,Ms,Ancika
LNgirl343,Ms,Ancilla
LNgirl344,Ms,Andea
LNgirl345,Ms,Andie
LNgirl346,Ms,Andras
LNgirl347,Ms,Andraya
LNgirl348,Ms,Andrea
LNgirl349,Ms,Andreana
LNgirl350,Ms,Andria
LNgirl351,Ms,Andromache
LNgirl352,Ms,Andromeda
LNgirl353,Ms,Andy
LNgirl354,Ms,Aneira
LNgirl355,Ms,Anemone
LNgirl356,Ms,Aneya
LNgirl357,Ms,Anezka
LNgirl358,Ms,Angela
LNgirl359,Ms,Angelica
LNgirl360,Ms,Angeni
LNgirl361,Ms,Angevin
LNgirl362,Ms,Angharad
LNgirl363,Ms,Angwen
LNgirl364,Ms,Aniela
LNgirl365,Ms,Anika
LNgirl366,Ms,Anila
LNgirl367,Ms,Anisa
LNgirl368,Ms,Anita
LNgirl369,Ms,Anitra
LNgirl370,Ms,Anja
LNgirl371,Ms,Anjali
LNgirl372,Ms,Anjana
LNgirl373,Ms,Anka
LNgirl374,Ms,Ankareeda
LNgirl375,Ms,Anke
LNgirl376,Ms,Ankita
LNgirl377,Ms,Ann
LNgirl378,Ms,Ann-Margret
LNgirl379,Ms,Anna
LNgirl380,Ms,Annabel
LNgirl381,Ms,Annabeth
LNgirl382,Ms,Annalise
LNgirl383,Ms,Annalynn
LNgirl384,Ms,Annamaria
LNgirl385,Ms,Annapurna
LNgirl386,Ms,Annata
LNgirl387,Ms,Anne
LNgirl388,Ms,Anneliese
LNgirl389,Ms,Annette
LNgirl390,Ms,Annice
LNgirl391,Ms,Annika
LNgirl392,Ms,Anninka
LNgirl393,Ms,Annissa
LNgirl394,Ms,Annora
LNgirl395,Ms,Annunziata
LNgirl396,Ms,Anona
LNgirl397,Ms,Anoush
LNgirl398,Ms,Anselma
LNgirl399,Ms,Anshu
LNgirl400,Ms,Anstice
LNgirl401,Ms,Anteia
LNgirl402,Ms,Anthea
LNgirl403,Ms,Antigone
LNgirl404,Ms,Antionette
LNgirl405,Ms,Antje
LNgirl406,Ms,Antoinette
LNgirl407,Ms,Antonia
LNgirl408,Ms,Antonie
LNgirl409,Ms,Anupama
LNgirl410,Ms,Anuradha
LNgirl411,Ms,Anusia
LNgirl412,Ms,Anusree
LNgirl413,Ms,Anvita
LNgirl414,Ms,Anya
LNgirl415,Ms,Anzu
LNgirl416,Ms,Aolani
LNgirl417,Ms,Apanie
LNgirl418,Ms,Apara
LNgirl419,Ms,Aparajita
LNgirl420,Ms,Aparna
LNgirl421,Ms,Aphra
LNgirl422,Ms,Aphrodite
LNgirl423,Ms,Apirka
LNgirl424,Ms,Apolline
LNgirl425,Ms,Apollonia
LNgirl426,Ms,Aponi
LNgirl427,Ms,April
LNgirl428,Ms,Aqua
LNgirl429,Ms,Aquamarine
LNgirl430,Ms,Aquaria
LNgirl431,Ms,Aquene
LNgirl432,Ms,Arabella
LNgirl433,Ms,Arabelle
LNgirl434,Ms,Araceli
LNgirl435,Ms,Arachne
LNgirl436,Ms,Araluen
LNgirl437,Ms,Araminta
LNgirl438,Ms,Arashel
LNgirl439,Ms,Araxie
LNgirl440,Ms,Arcadia
LNgirl441,Ms,Arda
LNgirl442,Ms,Ardath
LNgirl443,Ms,Ardelia
LNgirl444,Ms,Ardelle
LNgirl445,Ms,Arden
LNgirl446,Ms,Ardere
LNgirl447,Ms,Ardine
LNgirl448,Ms,Ardis
LNgirl449,Ms,Arella
LNgirl450,Ms,Areta
LNgirl451,Ms,Aretha
LNgirl452,Ms,Aretina
LNgirl453,Ms,Arezou
LNgirl454,Ms,Argenta
LNgirl455,Ms,Aria
LNgirl456,Ms,Ariadne
LNgirl457,Ms,Ariana
LNgirl458,Ms,Ariane
LNgirl459,Ms,Aricia
LNgirl460,Ms,Ariella
LNgirl461,Ms,Arielle
LNgirl462,Ms,Ariene
LNgirl463,Ms,Arika
LNgirl464,Ms,Arilda
LNgirl465,Ms,Arinya
LNgirl466,Ms,Arista
LNgirl467,Ms,Ariza
LNgirl468,Ms,Arlene
LNgirl469,Ms,Arlette
LNgirl470,Ms,Arlynda
LNgirl471,Ms,Armada
LNgirl472,Ms,Armelle
LNgirl473,Ms,Armilla
LNgirl474,Ms,Armina
LNgirl475,Ms,Armorel
LNgirl476,Ms,Armynel
LNgirl477,Ms,Arnalda
LNgirl478,Ms,Arnisha
LNgirl479,Ms,Arnurna
LNgirl480,Ms,Aroha
LNgirl481,Ms,Arora
LNgirl482,Ms,Arran
LNgirl483,Ms,Artemis
LNgirl484,Ms,Artemisia
LNgirl485,Ms,Arti
LNgirl486,Ms,Aruna
LNgirl487,Ms,Arushi
LNgirl488,Ms,Arva
LNgirl489,Ms,Arziki
LNgirl490,Ms,Asa
LNgirl491,Ms,Asella
LNgirl492,Ms,Asenette
LNgirl493,Ms,Asenka
LNgirl494,Ms,Asha
LNgirl495,Ms,Ashamed
LNgirl496,Ms,Ashima
LNgirl497,Ms,Ashira
LNgirl498,Ms,Ashleigh
LNgirl499,Ms,Ashley
LNgirl500,Ms,Ashling
LNgirl501,Ms,Ashrita
LNgirl502,Ms,Asia
LNgirl503,Ms,Asisa
LNgirl504,Ms,Askini
LNgirl505,Ms,Asmara
LNgirl506,Ms,Asmita
LNgirl507,Ms,Aspasia
LNgirl508,Ms,Aspen
LNgirl509,Ms,Assunta
LNgirl510,Ms,Asta
LNgirl511,Ms,Aster
LNgirl512,Ms,Astera
LNgirl513,Ms,Astra
LNgirl514,Ms,Astrea
LNgirl515,Ms,Astrid
LNgirl516,Ms,Atalanta
LNgirl517,Ms,Atara
LNgirl518,Ms,Atarah
LNgirl519,Ms,Athalia
LNgirl520,Ms,Athanasia
LNgirl521,Ms,Athela
LNgirl522,Ms,Athena
LNgirl523,Ms,Atifa
LNgirl524,Ms,Atin
LNgirl525,Ms,Atiya
LNgirl526,Ms,Atlanta
LNgirl527,Ms,Atmaja
LNgirl528,Ms,Aubina
LNgirl529,Ms,Aubine
LNgirl530,Ms,Audlin
LNgirl531,Ms,Audora
LNgirl532,Ms,Audrey
LNgirl533,Ms,Audun
LNgirl534,Ms,Augusta
LNgirl535,Ms,Aundy
LNgirl536,Ms,Aura
LNgirl537,Ms,Aure
LNgirl538,Ms,Aurelia
LNgirl539,Ms,Aurkene
LNgirl540,Ms,Aurora
LNgirl541,Ms,Ausiana
LNgirl542,Ms,Autumn
LNgirl543,Ms,Ava
LNgirl544,Ms,Avalon
LNgirl545,Ms,Avani
LNgirl546,Ms,Avanti
LNgirl547,Ms,Avantika
LNgirl548,Ms,Avara
LNgirl549,Ms,Avasa
LNgirl550,Ms,Avel
LNgirl551,Ms,Aveline
LNgirl552,Ms,Avena
LNgirl553,Ms,Aveolela
LNgirl554,Ms,Avera
LNgirl555,Ms,Averah
LNgirl556,Ms,Averil
LNgirl557,Ms,Avery
LNgirl558,Ms,Avice
LNgirl559,Ms,Avis
LNgirl560,Ms,Aviva
LNgirl561,Ms,Avoca
LNgirl562,Ms,Avril
LNgirl563,Ms,Awsta
LNgirl564,Ms,Awusi
LNgirl565,Ms,Axelia
LNgirl566,Ms,Axelle
LNgirl567,Ms,Ayala
LNgirl568,Ms,Ayame
LNgirl569,Ms,Ayasha
LNgirl570,Ms,Ayelin
LNgirl571,Ms,Ayesha
LNgirl572,Ms,Ayiana
LNgirl573,Ms,Ayita
LNgirl574,Ms,Ayla
LNgirl575,Ms,Aylwen
LNgirl576,Ms,Ayme
LNgirl577,Ms,Ayse
LNgirl578,Ms,Ayseg?l
LNgirl579,Ms,Ayushi
LNgirl580,Ms,Ayushmati
LNgirl581,Ms,Azadeh
LNgirl582,Ms,Azalea
LNgirl583,Ms,Azalia
LNgirl584,Ms,Azaria
LNgirl585,Ms,Azarni
LNgirl586,Ms,Aziza
LNgirl587,Ms,Azland
LNgirl588,Ms,Azra
LNgirl589,Ms,Azrael
LNgirl590,Ms,Azura
LNgirl591,Ms,Baako
LNgirl592,Ms,Babette
LNgirl593,Ms,Bacia
LNgirl594,Ms,Bageshwari
LNgirl595,Ms,Baji
LNgirl596,Ms,Baka
LNgirl597,Ms,Bakana
LNgirl598,Ms,Bakarne
LNgirl599,Ms,Bala
LNgirl600,Ms,Balbina
LNgirl601,Ms,Bambalina
LNgirl602,Ms,Bambi
LNgirl603,Ms,Banan
LNgirl604,Ms,Bansari
LNgirl605,Ms,Bara
LNgirl606,Ms,Barakah
LNgirl607,Ms,Barb
LNgirl608,Ms,Barbara
LNgirl609,Ms,Barbie
LNgirl610,Ms,Bari
LNgirl611,Ms,Barika
LNgirl612,Ms,Barina
LNgirl613,Ms,Barnadine
LNgirl614,Ms,Barretta
LNgirl615,Ms,Basha
LNgirl616,Ms,Basia
LNgirl617,Ms,Basilia
LNgirl618,Ms,Basimah
LNgirl619,Ms,Bates
LNgirl620,Ms,Bathilde
LNgirl621,Ms,Bathsheba
LNgirl622,Ms,Batyah
LNgirl623,Ms,Bayo
LNgirl624,Ms,Beata
LNgirl625,Ms,Beatrice
LNgirl626,Ms,Beatriz
LNgirl627,Ms,Beau
LNgirl628,Ms,Bebe
LNgirl629,Ms,Beccalynn
LNgirl630,Ms,Beckie
LNgirl631,Ms,Becky
LNgirl632,Ms,Beda
LNgirl633,Ms,Bedelia
LNgirl634,Ms,Bega
LNgirl635,Ms,Begonia
LNgirl636,Ms,Behira
LNgirl637,Ms,Bel
LNgirl638,Ms,Bela
LNgirl639,Ms,Belda
LNgirl640,Ms,Belicia
LNgirl641,Ms,Belina
LNgirl642,Ms,Belinda
LNgirl643,Ms,Belita
LNgirl644,Ms,Belladonna
LNgirl645,Ms,Bellanca
LNgirl646,Ms,Belle
LNgirl647,Ms,Bellona
LNgirl648,Ms,Belva
LNgirl649,Ms,Belvia
LNgirl650,Ms,Benedicta
LNgirl651,Ms,Benilda
LNgirl652,Ms,Benita
LNgirl653,Ms,Benquasha
LNgirl654,Ms,Benta
LNgirl655,Ms,Beranger
LNgirl656,Ms,Berdine
LNgirl657,Ms,Berenice
LNgirl658,Ms,Berit
LNgirl659,Ms,Bernadette
LNgirl660,Ms,Bernadine
LNgirl661,Ms,Bernia
LNgirl662,Ms,Bernice
LNgirl663,Ms,Bernina
LNgirl664,Ms,Berry
LNgirl665,Ms,Berta
LNgirl666,Ms,Bertana
LNgirl667,Ms,Bertha
LNgirl668,Ms,Berthilda
LNgirl669,Ms,Berwyn
LNgirl670,Ms,Beryan
LNgirl671,Ms,Beryl
LNgirl672,Ms,Bess
LNgirl673,Ms,Bessie
LNgirl674,Ms,Bessy
LNgirl675,Ms,Beta
LNgirl676,Ms,Beth
LNgirl677,Ms,Bethan
LNgirl678,Ms,Bethany
LNgirl679,Ms,Bethel
LNgirl680,Ms,Bethesda
LNgirl681,Ms,Bethia
LNgirl682,Ms,Bethshaya
LNgirl683,Ms,Betrys
LNgirl684,Ms,Betsey
LNgirl685,Ms,Betsy
LNgirl686,Ms,Bette
LNgirl687,Ms,Bettie
LNgirl688,Ms,Bettina
LNgirl689,Ms,Betty
LNgirl690,Ms,Beulah
LNgirl691,Ms,Beverley
LNgirl692,Ms,Beverly
LNgirl693,Ms,Bevin
LNgirl694,Ms,Bharati
LNgirl695,Ms,Bhavya
LNgirl696,Ms,Bhayana
LNgirl697,Ms,Bhoomi
LNgirl698,Ms,Bian
LNgirl699,Ms,Bianca
LNgirl700,Ms,Bibi
LNgirl701,Ms,Biddy
LNgirl702,Ms,Bijal
LNgirl703,Ms,Billie
LNgirl704,Ms,Bina
LNgirl705,Ms,Binda
LNgirl706,Ms,Bindiya
LNgirl707,Ms,Binty
LNgirl708,Ms,Birdie
LNgirl709,Ms,Birget
LNgirl710,Ms,Birgit
LNgirl711,Ms,Birgitta
LNgirl712,Ms,Birgitte
LNgirl713,Ms,Birkita
LNgirl714,Ms,Blaine
LNgirl715,Ms,Blair
LNgirl716,Ms,Blaise
LNgirl717,Ms,Blake
LNgirl718,Ms,Blanche
LNgirl719,Ms,Blanda
LNgirl720,Ms,Blaze
LNgirl721,Ms,Blenda
LNgirl722,Ms,Blinda
LNgirl723,Ms,Blinn
LNgirl724,Ms,Bliss
LNgirl725,Ms,Blodwen
LNgirl726,Ms,Blondelle
LNgirl727,Ms,Blossom
LNgirl728,Ms,Bluma
LNgirl729,Ms,Bly
LNgirl730,Ms,Blythe
LNgirl731,Ms,Bo
LNgirl732,Ms,Bo-Bae
LNgirl733,Ms,Boa
LNgirl734,Ms,Bobbi
LNgirl735,Ms,Bobbie
LNgirl736,Ms,Bobby
LNgirl737,Ms,Bodil
LNgirl738,Ms,Bohdana
LNgirl739,Ms,Bona
LNgirl740,Ms,Bonita
LNgirl741,Ms,Bonnie
LNgirl742,Ms,Bonny
LNgirl743,Ms,Borgny
LNgirl744,Ms,Boronia
LNgirl745,Ms,Bracha
LNgirl746,Ms,Brandee
LNgirl747,Ms,Brandi
LNgirl748,Ms,Brandie
LNgirl749,Ms,Brandy
LNgirl750,Ms,Branka
LNgirl751,Ms,Branwen
LNgirl752,Ms,Breda
LNgirl753,Ms,Bree
LNgirl754,Ms,Brenda
LNgirl755,Ms,Brenna
LNgirl756,Ms,Bretta
LNgirl757,Ms,Briallen
LNgirl758,Ms,Briana
LNgirl759,Ms,Brianna
LNgirl760,Ms,Brianne
LNgirl761,Ms,Briar
LNgirl762,Ms,Bridget
LNgirl763,Ms,Bridgit
LNgirl764,Ms,Brie
LNgirl765,Ms,Brier
LNgirl766,Ms,Brietta
LNgirl767,Ms,Brigit
LNgirl768,Ms,Brigitte
LNgirl769,Ms,Brilynn
LNgirl770,Ms,Brina
LNgirl771,Ms,Briony
LNgirl772,Ms,Brit
LNgirl773,Ms,Britany
LNgirl774,Ms,Brites
LNgirl775,Ms,Britt
LNgirl776,Ms,Brittania
LNgirl777,Ms,Brittany
LNgirl778,Ms,Brittnee
LNgirl779,Ms,Brodie
LNgirl780,Ms,Bron
LNgirl781,Ms,Brona
LNgirl782,Ms,Bronnen
LNgirl783,Ms,Bronte
LNgirl784,Ms,Bronwen
LNgirl785,Ms,Bronwyn
LNgirl786,Ms,Bronya
LNgirl787,Ms,Brook
LNgirl788,Ms,Brooke
LNgirl789,Ms,Bruna
LNgirl790,Ms,Brunella
LNgirl791,Ms,Brunhilde
LNgirl792,Ms,Bryanne
LNgirl793,Ms,Brygid
LNgirl794,Ms,Brygida
LNgirl795,Ms,Bryher
LNgirl796,Ms,Bryn
LNgirl797,Ms,Bryna
LNgirl798,Ms,Bryony
LNgirl799,Ms,Brysen
LNgirl800,Ms,Buena
LNgirl801,Ms,Buffy
LNgirl802,Ms,Bunny
LNgirl803,Ms,Bunty
LNgirl804,Ms,Burdette
LNgirl805,Ms,Burilda
LNgirl806,Ms,Buttercup
LNgirl807,Ms,Butterfly
LNgirl808,Ms,Cade
LNgirl809,Ms,Cadee
LNgirl810,Ms,Cadence
LNgirl811,Ms,Cadrian
LNgirl812,Ms,Caelyn
LNgirl813,Ms,Cai
LNgirl814,Ms,Cailey
LNgirl815,Ms,Cailin
LNgirl816,Ms,Caimile
LNgirl817,Ms,Cairine
LNgirl818,Ms,Cairistiona
LNgirl819,Ms,Cait
LNgirl820,Ms,Caitlin
LNgirl821,Ms,Caitlyn
LNgirl822,Ms,Caitrin
LNgirl823,Ms,Caja
LNgirl824,Ms,Cala
LNgirl825,Ms,Calandra
LNgirl826,Ms,Calantha
LNgirl827,Ms,Caledonia
LNgirl828,Ms,Calendre
LNgirl829,Ms,Caley
LNgirl830,Ms,Calida
LNgirl831,Ms,Calista
LNgirl832,Ms,Calix
LNgirl833,Ms,Calixte
LNgirl834,Ms,Calla
LNgirl835,Ms,Callan
LNgirl836,Ms,Callia
LNgirl837,Ms,Callidora
LNgirl838,Ms,Calliope
LNgirl839,Ms,Callista
LNgirl840,Ms,Callisto
LNgirl841,Ms,Caltha
LNgirl842,Ms,Calypso
LNgirl843,Ms,Cam
LNgirl844,Ms,Cambria
LNgirl845,Ms,Camelai
LNgirl846,Ms,Camellia
LNgirl847,Ms,Cameo
LNgirl848,Ms,Camilla
LNgirl849,Ms,Camille
LNgirl850,Ms,Camira
LNgirl851,Ms,Canace
LNgirl852,Ms,Candace
LNgirl853,Ms,Candice
LNgirl854,Ms,Candida
LNgirl855,Ms,Candide
LNgirl856,Ms,Candie
LNgirl857,Ms,Candra
LNgirl858,Ms,Candy
LNgirl859,Ms,Cantara
LNgirl860,Ms,Caoimhe
LNgirl861,Ms,Capri
LNgirl862,Ms,Caprice
LNgirl863,Ms,Cara
LNgirl864,Ms,Caragh
LNgirl865,Ms,Carajean
LNgirl866,Ms,Caralee
LNgirl867,Ms,Caralyn
LNgirl868,Ms,Cardinia
LNgirl869,Ms,Caren
LNgirl870,Ms,Carensa
LNgirl871,Ms,Carenza
LNgirl872,Ms,Caresse
LNgirl873,Ms,Carew
LNgirl874,Ms,Carey
LNgirl875,Ms,Carha
LNgirl876,Ms,Cari
LNgirl877,Ms,Carin
LNgirl878,Ms,Carina
LNgirl879,Ms,Carine
LNgirl880,Ms,Carissa
LNgirl881,Ms,Carla
LNgirl882,Ms,Carleigh
LNgirl883,Ms,Carlen
LNgirl884,Ms,Carley
LNgirl885,Ms,Carlie
LNgirl886,Ms,Carlin
LNgirl887,Ms,Carlina
LNgirl888,Ms,Carling
LNgirl889,Ms,Carlota
LNgirl890,Ms,Carlotta
LNgirl891,Ms,Carly
LNgirl892,Ms,Carmel
LNgirl893,Ms,Carmela
LNgirl894,Ms,Carmelita
LNgirl895,Ms,Carmen
LNgirl896,Ms,Carmine
LNgirl897,Ms,Carmita
LNgirl898,Ms,Carna
LNgirl899,Ms,Carnation
LNgirl900,Ms,Carnelian
LNgirl901,Ms,Carol
LNgirl902,Ms,Carolena
LNgirl903,Ms,Caroline
LNgirl904,Ms,Carolyn
LNgirl905,Ms,Caron
LNgirl906,Ms,Carreen
LNgirl907,Ms,Carrie
LNgirl908,Ms,Carrieann
LNgirl909,Ms,Carrigan
LNgirl910,Ms,Carrington
LNgirl911,Ms,Carryl
LNgirl912,Ms,Cary
LNgirl913,Ms,Caryn
LNgirl914,Ms,Carys
LNgirl915,Ms,Cascadia
LNgirl916,Ms,Casey
LNgirl917,Ms,Casilda
LNgirl918,Ms,Casondra
LNgirl919,Ms,Cassandra
LNgirl920,Ms,Cassia
LNgirl921,Ms,Cassiel
LNgirl922,Ms,Casta
LNgirl923,Ms,Castalia
LNgirl924,Ms,Catalin
LNgirl925,Ms,Catalina
LNgirl926,Ms,Catalonia
LNgirl927,Ms,Catarina
LNgirl928,Ms,Catava
LNgirl929,Ms,Caterina
LNgirl930,Ms,Cathay
LNgirl931,Ms,Cathee
LNgirl932,Ms,Catherine
LNgirl933,Ms,Cathie
LNgirl934,Ms,Cathleen
LNgirl935,Ms,Cathlene
LNgirl936,Ms,Cathy
LNgirl937,Ms,Catrin
LNgirl938,Ms,Catriona
LNgirl939,Ms,Cauvery
LNgirl940,Ms,Cayla
LNgirl941,Ms,Cayleigh
LNgirl942,Ms,Ceana
LNgirl943,Ms,Cecania
LNgirl944,Ms,Cecia
LNgirl945,Ms,Cecile
LNgirl946,Ms,Cecilia
LNgirl947,Ms,Cecily
LNgirl948,Ms,Ceinwen
LNgirl949,Ms,Celandia
LNgirl950,Ms,Celandine
LNgirl951,Ms,Celena
LNgirl952,Ms,Celene
LNgirl953,Ms,Celeste
LNgirl954,Ms,Celestyn
LNgirl955,Ms,Celia
LNgirl956,Ms,Celie
LNgirl957,Ms,Celina
LNgirl958,Ms,Celine
LNgirl959,Ms,Cerdwin
LNgirl960,Ms,Cerelia
LNgirl961,Ms,Ceres
LNgirl962,Ms,Ceridwen
LNgirl963,Ms,Cerise
LNgirl964,Ms,Chaitaly
LNgirl965,Ms,Chaitra
LNgirl966,Ms,Chalsie
LNgirl967,Ms,Chana
LNgirl968,Ms,Chanah
LNgirl969,Ms,Chance
LNgirl970,Ms,Chandani
LNgirl971,Ms,Chandi
LNgirl972,Ms,Chandra
LNgirl973,Ms,Chane
LNgirl974,Ms,Chanel
LNgirl975,Ms,Chantal
LNgirl976,Ms,Chantel
LNgirl977,Ms,Charis
LNgirl978,Ms,Charisma
LNgirl979,Ms,Charissa
LNgirl980,Ms,Charisse
LNgirl981,Ms,Charity
LNgirl982,Ms,Charla
LNgirl983,Ms,Charlee
LNgirl984,Ms,Charleen
LNgirl985,Ms,Charleigh
LNgirl986,Ms,Charlene
LNgirl987,Ms,Charline
LNgirl988,Ms,Charlot
LNgirl989,Ms,Charlotte
LNgirl990,Ms,Charmaine
LNgirl991,Ms,Charmian
LNgirl992,Ms,Charo
LNgirl993,Ms,Charu
LNgirl994,Ms,Chastity
LNgirl995,Ms,Chavi
LNgirl996,Ms,Chay
LNgirl997,Ms,Chaya
LNgirl998,Ms,Chaylen
LNgirl999,Ms,Chelle
LNgirl1000,Ms,Chelsa
LNgirl1001,Ms,Chelsea
LNgirl1002,Ms,Chelsi
LNgirl1003,Ms,Chelsia
LNgirl1004,Ms,Chenoa
LNgirl1005,Ms,Cher
LNgirl1006,Ms,Cheri
LNgirl1007,Ms,Cherie
LNgirl1008,Ms,Cherilyn
LNgirl1009,Ms,Cherise
LNgirl1010,Ms,Cherish
LNgirl1011,Ms,Cherlin
LNgirl1012,Ms,Cherry
LNgirl1013,Ms,Cheryl
LNgirl1014,Ms,Chesna
LNgirl1015,Ms,Chevonne
LNgirl1016,Ms,Chhavvi
LNgirl1017,Ms,Chhaya
LNgirl1018,Ms,Chiara
LNgirl1019,Ms,Chika
LNgirl1020,Ms,Chilali
LNgirl1021,Ms,Chimalis
LNgirl1022,Ms,Chipo
LNgirl1023,Ms,Chiquita
LNgirl1024,Ms,Chitra
LNgirl1025,Ms,Chitrangda
LNgirl1026,Ms,Chizu
LNgirl1027,Ms,Chloe
LNgirl1028,Ms,Chloris
LNgirl1029,Ms,Cho
LNgirl1030,Ms,Choden
LNgirl1031,Ms,Chow
LNgirl1032,Ms,Chrissy
LNgirl1033,Ms,Christa
LNgirl1034,Ms,Christabel
LNgirl1035,Ms,Christal
LNgirl1036,Ms,Christea
LNgirl1037,Ms,Christel
LNgirl1038,Ms,Christelle
LNgirl1039,Ms,Christian
LNgirl1040,Ms,Christiana
LNgirl1041,Ms,Christie
LNgirl1042,Ms,Christina
LNgirl1043,Ms,Christine
LNgirl1044,Ms,Christmas
LNgirl1045,Ms,Christy
LNgirl1046,Ms,Chruse
LNgirl1047,Ms,Chrysantha
LNgirl1048,Ms,Chrysilla
LNgirl1049,Ms,Chyou
LNgirl1050,Ms,Ciannait
LNgirl1051,Ms,Ciar
LNgirl1052,Ms,Ciara
LNgirl1053,Ms,Cicely
LNgirl1054,Ms,Cicily
LNgirl1055,Ms,Cilla
LNgirl1056,Ms,Cinderella
LNgirl1057,Ms,Cindy
LNgirl1058,Ms,Cindylou
LNgirl1059,Ms,Cinnabar
LNgirl1060,Ms,Cinnamon
LNgirl1061,Ms,Circe
LNgirl1062,Ms,Cirea
LNgirl1063,Ms,Cissy
LNgirl1064,Ms,Claiborne
LNgirl1065,Ms,Claire
LNgirl1066,Ms,Clara
LNgirl1067,Ms,Clarabelle
LNgirl1068,Ms,Clare
LNgirl1069,Ms,Clarice
LNgirl1070,Ms,Clarinda
LNgirl1071,Ms,Clarine
LNgirl1072,Ms,Clarissa
LNgirl1073,Ms,Claudia
LNgirl1074,Ms,Clematis
LNgirl1075,Ms,Clemence
LNgirl1076,Ms,Clementine
LNgirl1077,Ms,Cleo
LNgirl1078,Ms,Cleomenes
LNgirl1079,Ms,Cleopatra
LNgirl1080,Ms,Cleta
LNgirl1081,Ms,Cleva
LNgirl1082,Ms,Cliantha
LNgirl1083,Ms,Clio
LNgirl1084,Ms,Clodagh
LNgirl1085,Ms,Clodia
LNgirl1086,Ms,Clorinda
LNgirl1087,Ms,Cloris
LNgirl1088,Ms,Clotilda
LNgirl1089,Ms,Clove
LNgirl1090,Ms,Clover
LNgirl1091,Ms,Clymene
LNgirl1092,Ms,Cochiti
LNgirl1093,Ms,Cody
LNgirl1094,Ms,Colenso
LNgirl1095,Ms,Colette
LNgirl1096,Ms,Colleen
LNgirl1097,Ms,Colletta
LNgirl1098,Ms,Collette
LNgirl1099,Ms,Columba
LNgirl1100,Ms,Columbia
LNgirl1101,Ms,Columbine
LNgirl1102,Ms,Concepcion
LNgirl1103,Ms,Concordia
LNgirl1104,Ms,Conncetta
LNgirl1105,Ms,Connie
LNgirl1106,Ms,Constance
LNgirl1107,Ms,Consuela
LNgirl1108,Ms,Consuelo
LNgirl1109,Ms,Coorah
LNgirl1110,Ms,Cora
LNgirl1111,Ms,Corabelle
LNgirl1112,Ms,Coral
LNgirl1113,Ms,Coralia
LNgirl1114,Ms,Coralie
LNgirl1115,Ms,Corazon
LNgirl1116,Ms,Corbin
LNgirl1117,Ms,Cordelia
LNgirl1118,Ms,Coreen
LNgirl1119,Ms,Corentine
LNgirl1120,Ms,Corey
LNgirl1121,Ms,Corin
LNgirl1122,Ms,Corina
LNgirl1123,Ms,Corinda
LNgirl1124,Ms,Corine
LNgirl1125,Ms,Corinna
LNgirl1126,Ms,Corinne
LNgirl1127,Ms,Corliss
LNgirl1128,Ms,Cornelia
LNgirl1129,Ms,Cornelian
LNgirl1130,Ms,Corona
LNgirl1131,Ms,Corowa
LNgirl1132,Ms,Corrine
LNgirl1133,Ms,Cory
LNgirl1134,Ms,Cosette
LNgirl1135,Ms,Cosima
LNgirl1136,Ms,Cossette
LNgirl1137,Ms,Courtney
LNgirl1138,Ms,Crescent
LNgirl1139,Ms,Cressida
LNgirl1140,Ms,Crisiant
LNgirl1141,Ms,Crispina
LNgirl1142,Ms,Cristin
LNgirl1143,Ms,Cristina
LNgirl1144,Ms,Cristine
LNgirl1145,Ms,Cristiona
LNgirl1146,Ms,Cristy
LNgirl1147,Ms,Crystal
LNgirl1148,Ms,Curissa
LNgirl1149,Ms,Cuyler
LNgirl1150,Ms,Cybele
LNgirl1151,Ms,Cybil
LNgirl1152,Ms,Cybill
LNgirl1153,Ms,Cynara
LNgirl1154,Ms,Cyndi
LNgirl1155,Ms,Cynere
LNgirl1156,Ms,Cynthia
LNgirl1157,Ms,Cypriana
LNgirl1158,Ms,Cyprien
LNgirl1159,Ms,Cyrena
LNgirl1160,Ms,Cyrene
LNgirl1161,Ms,Cyrilla
LNgirl1162,Ms,Cytheria
LNgirl1163,Ms,Cyzarine
LNgirl1164,Ms,Ha-Neul
LNgirl1165,Ms,Habiba
LNgirl1166,Ms,Habika
LNgirl1167,Ms,Hadara
LNgirl1168,Ms,Hadassa
LNgirl1169,Ms,Hadassah
LNgirl1170,Ms,Hadil
LNgirl1171,Ms,Hadiya
LNgirl1172,Ms,Hadria
LNgirl1173,Ms,Hadya
LNgirl1174,Ms,Hafwen
LNgirl1175,Ms,Hagar
LNgirl1176,Ms,Haidee
LNgirl1177,Ms,Haifa
LNgirl1178,Ms,Haimi
LNgirl1179,Ms,Haja
LNgirl1180,Ms,Hala
LNgirl1181,Ms,Halcyone
LNgirl1182,Ms,Haldana
LNgirl1183,Ms,Haldis
LNgirl1184,Ms,Haleigha
LNgirl1185,Ms,Haley
LNgirl1186,Ms,Halfrida
LNgirl1187,Ms,Hali
LNgirl1188,Ms,Halia
LNgirl1189,Ms,Haliey
LNgirl1190,Ms,Halima
LNgirl1191,Ms,Hallie
LNgirl1192,Ms,Halona
LNgirl1193,Ms,Hana
LNgirl1194,Ms,Hanan
LNgirl1195,Ms,Hanna
LNgirl1196,Ms,Hannah
LNgirl1197,Ms,Hanne
LNgirl1198,Ms,Hansine
LNgirl1199,Ms,Hanya
LNgirl1200,Ms,Happy
LNgirl1201,Ms,Haralda
LNgirl1202,Ms,Harika
LNgirl1203,Ms,Harley
LNgirl1204,Ms,Harmony
LNgirl1205,Ms,Harper
LNgirl1206,Ms,Harriet
LNgirl1207,Ms,Harsha
LNgirl1208,Ms,Harshita
LNgirl1209,Ms,Haruko
LNgirl1210,Ms,Harva
LNgirl1211,Ms,Hasina
LNgirl1212,Ms,Hasna
LNgirl1213,Ms,Hathor
LNgirl1214,Ms,Hattie
LNgirl1215,Ms,Hava
LNgirl1216,Ms,Havana
LNgirl1217,Ms,Haya
LNgirl1218,Ms,Hayfa
LNgirl1219,Ms,Haylee
LNgirl1220,Ms,Hayley
LNgirl1221,Ms,Hazel
LNgirl1222,Ms,Hazelle
LNgirl1223,Ms,Hea
LNgirl1224,Ms,Heater
LNgirl1225,Ms,Heather
LNgirl1226,Ms,Heba
LNgirl1227,Ms,Hebe
LNgirl1228,Ms,Hedasaa
LNgirl1229,Ms,Hedda
LNgirl1230,Ms,Hedea
LNgirl1231,Ms,Hedia
LNgirl1232,Ms,Hedva
LNgirl1233,Ms,Hedwig
LNgirl1234,Ms,Hedy
LNgirl1235,Ms,Heidi
LNgirl1236,Ms,Heledd
LNgirl1237,Ms,Helen
LNgirl1238,Ms,Helena
LNgirl1239,Ms,Helene
LNgirl1240,Ms,Helga
LNgirl1241,Ms,Heli
LNgirl1242,Ms,Helice
LNgirl1243,Ms,Helima
LNgirl1244,Ms,Helina
LNgirl1245,Ms,Helki
LNgirl1246,Ms,Helma
LNgirl1247,Ms,Helmine
LNgirl1248,Ms,Heloise
LNgirl1249,Ms,Helouse
LNgirl1250,Ms,Helvetia
LNgirl1251,Ms,Hem
LNgirl1252,Ms,Hema
LNgirl1253,Ms,Hemangi
LNgirl1254,Ms,Hemangini
LNgirl1255,Ms,Hemlata
LNgirl1256,Ms,Heng
LNgirl1257,Ms,Henka
LNgirl1258,Ms,Henrietta
LNgirl1259,Ms,Hera
LNgirl1260,Ms,Hermelinda
LNgirl1261,Ms,Hermia
LNgirl1262,Ms,Herminia
LNgirl1263,Ms,Hermione
LNgirl1264,Ms,Hermosa
LNgirl1265,Ms,Hero
LNgirl1266,Ms,Herschell
LNgirl1267,Ms,Herta
LNgirl1268,Ms,Hertha
LNgirl1269,Ms,Hesper
LNgirl1270,Ms,Hester
LNgirl1271,Ms,Hestia
LNgirl1272,Ms,Hetal
LNgirl1273,Ms,Hettie
LNgirl1274,Ms,Hetty
LNgirl1275,Ms,Hibernia
LNgirl1276,Ms,Hibiscus
LNgirl1277,Ms,Hide
LNgirl1278,Ms,Hidi
LNgirl1279,Ms,Hika
LNgirl1280,Ms,Hilary
LNgirl1281,Ms,Hilda
LNgirl1282,Ms,Hilde
LNgirl1283,Ms,Hildegard
LNgirl1284,Ms,Hildemar
LNgirl1285,Ms,Hillary
LNgirl1286,Ms,Hilzarie
LNgirl1287,Ms,Hina
LNgirl1288,Ms,Hinda
LNgirl1289,Ms,Hine
LNgirl1290,Ms,Hippolyta
LNgirl1291,Ms,Hiriwa
LNgirl1292,Ms,Hiroko
LNgirl1293,Ms,Hisa
LNgirl1294,Ms,Hjordis
LNgirl1295,Ms,Hoku
LNgirl1296,Ms,Holda
LNgirl1297,Ms,Holli
LNgirl1298,Ms,Holly
LNgirl1299,Ms,Hollye
LNgirl1300,Ms,Honey
LNgirl1301,Ms,Honna
LNgirl1302,Ms,Honora
LNgirl1303,Ms,Honour
LNgirl1304,Ms,Hope
LNgirl1305,Ms,Horatia
LNgirl1306,Ms,Hortense
LNgirl1307,Ms,Hoshi
LNgirl1308,Ms,Hua
LNgirl1309,Ms,Huberta
LNgirl1310,Ms,Hue
LNgirl1311,Ms,Huette
LNgirl1312,Ms,Hulda
LNgirl1313,Ms,Huon
LNgirl1314,Ms,Huyana
LNgirl1315,Ms,Hyacinth
LNgirl1316,Ms,Hye
LNgirl1317,Ms,Hylda
LNgirl1318,Ms,Hypatia
LNboy1,Mr,Aakarshan
LNboy2,Mr,Aaron
LNboy3,Mr,Abaddon
LNboy4,Mr,Abba
LNboy5,Mr,Abban
LNboy6,Mr,Abbas
LNboy7,Mr,Abbott
LNboy8,Mr,Abdel
LNboy9,Mr,Abdiel
LNboy10,Mr,Abdieso
LNboy11,Mr,Abdul
LNboy12,Mr,Abdullah
LNboy13,Mr,Abe
LNboy14,Mr,Abejundio
LNboy15,Mr,Abel
LNboy16,Mr,Abelard
LNboy17,Mr,Abenzio
LNboy18,Mr,Abercio
LNboy19,Mr,Abernethy
LNboy20,Mr,Abhay
LNboy21,Mr,Abhi
LNboy22,Mr,Abhijit
LNboy23,Mr,Abhinav
LNboy24,Mr,Abhishek
LNboy25,Mr,Abhorson
LNboy26,Mr,Abi
LNboy27,Mr,Abie
LNboy28,Mr,Abiel
LNboy29,Mr,Abijah
LNboy30,Mr,Abir
LNboy31,Mr,Abisha
LNboy32,Mr,Abner
LNboy33,Mr,Abraham
LNboy34,Mr,Abram
LNboy35,Mr,Abrasha
LNboy36,Mr,Absalom
LNboy37,Mr,Abudemio
LNboy38,Mr,Abundiantus
LNboy39,Mr,Acacio
LNboy40,Mr,Acario
LNboy41,Mr,Accursius
LNboy42,Mr,Ace
LNboy43,Mr,Acelin
LNboy44,Mr,Achilles
LNboy45,Mr,Achyuta
LNboy46,Mr,Ackerley
LNboy47,Mr,Ackley
LNboy48,Mr,Acton
LNboy49,Mr,Acuzio
LNboy50,Mr,Adair
LNboy51,Mr,Adalardo
LNboy52,Mr,Adalgiso
LNboy53,Mr,Adalrico
LNboy54,Mr,Adam
LNboy55,Mr,Adar
LNboy56,Mr,Addai
LNboy57,Mr,Addison
LNboy58,Mr,Addo
LNboy59,Mr,Adeben
LNboy60,Mr,Adeipho
LNboy61,Mr,Adel
LNboy62,Mr,Adelais
LNboy63,Mr,Adelard
LNboy64,Mr,Adelbert
LNboy65,Mr,Adelfried
LNboy66,Mr,Adelino
LNboy67,Mr,Adelmo
LNboy68,Mr,Adelphos
LNboy69,Mr,Ademaro
LNboy70,Mr,Aden
LNboy71,Mr,Adeodatus
LNboy72,Mr,Adhamh
LNboy73,Mr,Adin
LNboy74,Mr,Adir
LNboy75,Mr,Adiran
LNboy76,Mr,Aditya
LNboy77,Mr,Adlai
LNboy78,Mr,Adler
LNboy79,Mr,Adley
LNboy80,Mr,Admes
LNboy81,Mr,Admon
LNboy82,Mr,Adnan
LNboy83,Mr,Adney
LNboy84,Mr,Adolfo
LNboy85,Mr,Adolph
LNboy86,Mr,Adon
LNboy87,Mr,Adoni
LNboy88,Mr,Adonis
LNboy89,Mr,Adony
LNboy90,Mr,Adrastos
LNboy91,Mr,Adrian
LNboy92,Mr,Adriel
LNboy93,Mr,Aegeon
LNboy94,Mr,Aemilius
LNboy95,Mr,Aeneas
LNboy96,Mr,Aeolus
LNboy97,Mr,Aeron
LNboy98,Mr,Aetos
LNboy99,Mr,Afro
LNboy100,Mr,Agabo
LNboy101,Mr,Agamemnon
LNboy102,Mr,Agatone
LNboy103,Mr,Agilard
LNboy104,Mr,Agosto
LNboy105,Mr,Agrippa
LNboy106,Mr,Agu
LNboy107,Mr,Agustin
LNboy108,Mr,Ahab
LNboy109,Mr,Ahearn
LNboy110,Mr,Ahmed
LNboy111,Mr,Ahmik
LNboy112,Mr,Ahren
LNboy113,Mr,Aidan
LNboy114,Mr,Aiken
LNboy115,Mr,Ailen
LNboy116,Mr,Aimery
LNboy117,Mr,Aimon
LNboy118,Mr,Aindreas
LNboy119,Mr,Ainsley
LNboy120,Mr,Aitan
LNboy121,Mr,Ajani
LNboy122,Mr,Ajatashatru
LNboy123,Mr,Ajax
LNboy124,Mr,Ajayi
LNboy125,Mr,Ajit
LNboy126,Mr,Ajitabh
LNboy127,Mr,Akaash
LNboy128,Mr,Akama
LNboy129,Mr,Akando
LNboy130,Mr,Akbar
LNboy131,Mr,Akello
LNboy132,Mr,Akil
LNboy133,Mr,Akim
LNboy134,Mr,Akira
LNboy135,Mr,Akiva
LNboy136,Mr,Akiyama
LNboy137,Mr,Akram
LNboy138,Mr,Aksel
LNboy139,Mr,Akshay
LNboy140,Mr,Al
LNboy141,Mr,Aladdin
LNboy142,Mr,Alan
LNboy143,Mr,Aland
LNboy144,Mr,Alarbus
LNboy145,Mr,Alard
LNboy146,Mr,Alaric
LNboy147,Mr,Alasdair
LNboy148,Mr,Alastair
LNboy149,Mr,Alban
LNboy150,Mr,Alber
LNboy151,Mr,Alberich
LNboy152,Mr,Albern
LNboy153,Mr,Albert
LNboy154,Mr,Albin
LNboy155,Mr,Albion
LNboy156,Mr,Alcander
LNboy157,Mr,Alcibiades
LNboy158,Mr,Alcott
LNboy159,Mr,Alden
LNboy160,Mr,Alder
LNboy161,Mr,Alderney
LNboy162,Mr,Aldous
LNboy163,Mr,Aldred
LNboy164,Mr,Aldrich
LNboy165,Mr,Aldridge
LNboy166,Mr,Aldwin
LNboy167,Mr,Aldwyn
LNboy168,Mr,Alec
LNboy169,Mr,Aled
LNboy170,Mr,Alejandro
LNboy171,Mr,Aleron
LNboy172,Mr,Aleser
LNboy173,Mr,Alessandro
LNboy174,Mr,Alex
LNboy175,Mr,Alexander
LNboy176,Mr,Alexas
LNboy177,Mr,Alexis
LNboy178,Mr,Alfons
LNboy179,Mr,Alfonso
LNboy180,Mr,Alford
LNboy181,Mr,Alfred
LNboy182,Mr,Alger
LNboy183,Mr,Algernon
LNboy184,Mr,Algren
LNboy185,Mr,Ali
LNboy186,Mr,Alika
LNboy187,Mr,Alim
LNboy188,Mr,Alison
LNboy189,Mr,Alistair
LNboy190,Mr,Alister
LNboy191,Mr,Allambee
LNboy192,Mr,Allan
LNboy193,Mr,Allard
LNboy194,Mr,Allen
LNboy195,Mr,Alleyne
LNboy196,Mr,Allighiero
LNboy197,Mr,Allister
LNboy198,Mr,Almo
LNboy199,Mr,Almon
LNboy200,Mr,Alok
LNboy201,Mr,Alonso
LNboy202,Mr,Aloysius
LNboy203,Mr,Alphonse
LNboy204,Mr,Alphonso
LNboy205,Mr,Alric
LNboy206,Mr,Alroy
LNboy207,Mr,Alston
LNboy208,Mr,Altair
LNboy209,Mr,Altman
LNboy210,Mr,Alun
LNboy211,Mr,Alvah
LNboy212,Mr,Alvin
LNboy213,Mr,Alvis
LNboy214,Mr,Alwan
LNboy215,Mr,Alwin
LNboy216,Mr,Alwyn
LNboy217,Mr,Amadeus
LNboy218,Mr,Amadi
LNboy219,Mr,Amado
LNboy220,Mr,Amador
LNboy221,Mr,Amal
LNboy222,Mr,Amar
LNboy223,Mr,Amaro
LNboy224,Mr,Amaroo
LNboy225,Mr,Amato
LNboy226,Mr,Ambar
LNboy227,Mr,Ambert
LNboy228,Mr,Ambler
LNboy229,Mr,Ambrose
LNboy230,Mr,Amery
LNboy231,Mr,Amherst
LNboy232,Mr,Amida
LNboy233,Mr,Amiel
LNboy234,Mr,Amiens
LNboy235,Mr,Amin
LNboy236,Mr,Amir
LNboy237,Mr,Amiri
LNboy238,Mr,Amirov
LNboy239,Mr,Amistad
LNboy240,Mr,Amit
LNboy241,Mr,Amitabh
LNboy242,Mr,Amitava
LNboy243,Mr,Ammon
LNboy244,Mr,Amol
LNboy245,Mr,Amon
LNboy246,Mr,Amory
LNboy247,Mr,Amos
LNboy248,Mr,Amrit
LNboy249,Mr,Amsden
LNboy250,Mr,Amul
LNboy251,Mr,Amulya
LNboy252,Mr,Amund
LNboy253,Mr,Anand
LNboy254,Mr,Anant
LNboy255,Mr,Anastasius
LNboy256,Mr,Anatole
LNboy257,Mr,Anay
LNboy258,Mr,Ancel
LNboy259,Mr,Anders
LNboy260,Mr,Anderson
LNboy261,Mr,Andreus
LNboy262,Mr,Andrew
LNboy263,Mr,Androcles
LNboy264,Mr,Aneurin
LNboy265,Mr,Ang
LNboy266,Mr,Angada
LNboy267,Mr,Angelo
LNboy268,Mr,Angus
LNboy269,Mr,Angwyn
LNboy270,Mr,Anieli
LNboy271,Mr,Anil
LNboy272,Mr,Anirudhh
LNboy273,Mr,Anish
LNboy274,Mr,Aniston
LNboy275,Mr,Anjuman
LNboy276,Mr,Anker
LNboy277,Mr,Ankit
LNboy278,Mr,Ankur
LNboy279,Mr,Annan
LNboy280,Mr,Anniruddha
LNboy281,Mr,Anno
LNboy282,Mr,Anoke
LNboy283,Mr,Anoki
LNboy284,Mr,Anoop
LNboy285,Mr,Ansari
LNboy286,Mr,Anscom
LNboy287,Mr,Ansel
LNboy288,Mr,Anselm
LNboy289,Mr,Anshul
LNboy290,Mr,Anshuman
LNboy291,Mr,Ansley
LNboy292,Mr,Anson
LNboy293,Mr,Anstice
LNboy294,Mr,Antal
LNboy295,Mr,Anthony
LNboy296,Mr,Antigonus
LNboy297,Mr,Antiochus
LNboy298,Mr,Antipholus
LNboy299,Mr,Anton
LNboy300,Mr,Antoni
LNboy301,Mr,Antonio
LNboy302,Mr,Anu
LNboy303,Mr,Anwar
LNboy304,Mr,Anwell
LNboy305,Mr,Anyon
LNboy306,Mr,Apache
LNboy307,Mr,Apari
LNboy308,Mr,Apemantus
LNboy309,Mr,Apollo
LNboy310,Mr,Apostolos
LNboy311,Mr,Aquila
LNboy312,Mr,Ara
LNboy313,Mr,Araluen
LNboy314,Mr,Aram
LNboy315,Mr,Aran
LNboy316,Mr,Arana
LNboy317,Mr,Archard
LNboy318,Mr,Archer
LNboy319,Mr,Archibald
LNboy320,Mr,Archidamus
LNboy321,Mr,Archie
LNboy322,Mr,Arden
LNboy323,Mr,Ardley
LNboy324,Mr,Ardolph
LNboy325,Mr,Ardon
LNboy326,Mr,Aren
LNboy327,Mr,Arend
LNboy328,Mr,Ares
LNboy329,Mr,Argus
LNboy330,Mr,Argyll
LNboy331,Mr,Ari
LNboy332,Mr,Aric
LNboy333,Mr,Aricin
LNboy334,Mr,Ariel
LNboy335,Mr,Ariki
LNboy336,Mr,Arion
LNboy337,Mr,Aristedes
LNboy338,Mr,Aristo
LNboy339,Mr,Aristotle
LNboy340,Mr,Arizona
LNboy341,Mr,Arje
LNboy342,Mr,Arjun
LNboy343,Mr,Arkin
LNboy344,Mr,Arkwright
LNboy345,Mr,Arland
LNboy346,Mr,Arlen
LNboy347,Mr,Arley
LNboy348,Mr,Arlo
LNboy349,Mr,Armand
LNboy350,Mr,Armande
LNboy351,Mr,Armando
LNboy352,Mr,Armen
LNboy353,Mr,Armon
LNboy354,Mr,Armstrong
LNboy355,Mr,Arnall
LNboy356,Mr,Arnaud
LNboy357,Mr,Arne
LNboy358,Mr,Arnett
LNboy359,Mr,Arnie
LNboy360,Mr,Arnold
LNboy361,Mr,Arnon
LNboy362,Mr,Aron
LNboy363,Mr,Aronne
LNboy364,Mr,Aroon
LNboy365,Mr,Arpiar
LNboy366,Mr,Arran
LNboy367,Mr,Arsen
LNboy368,Mr,Arsenio
LNboy369,Mr,Art
LNboy370,Mr,Arthur
LNboy371,Mr,Arthus
LNboy372,Mr,Artie
LNboy373,Mr,Arty
LNboy374,Mr,Aruiragus
LNboy375,Mr,Arun
LNboy376,Mr,Arundel
LNboy377,Mr,Arunta
LNboy378,Mr,Arvad
LNboy379,Mr,Arval
LNboy380,Mr,Arvin
LNboy381,Mr,Arvind
LNboy382,Mr,Arviragus
LNboy383,Mr,Arwin
LNboy384,Mr,Asa
LNboy385,Mr,Ascot
LNboy386,Mr,Aseem
LNboy387,Mr,Ash
LNboy388,Mr,Ashburn
LNboy389,Mr,Ashby
LNboy390,Mr,Asher
LNboy391,Mr,Ashford
LNboy392,Mr,Ashish
LNboy393,Mr,Ashliegh
LNboy394,Mr,Ashlin
LNboy395,Mr,Ashok
LNboy396,Mr,Ashon
LNboy397,Mr,Ashraf
LNboy398,Mr,Ashton
LNboy399,Mr,Ashur
LNboy400,Mr,Ashutosh
LNboy401,Mr,Ashwin
LNboy402,Mr,Ashwini
LNboy403,Mr,Asija
LNboy404,Mr,Asim
LNboy405,Mr,Askel
LNboy406,Mr,Aslak
LNboy407,Mr,Asparouh
LNboy408,Mr,Astin
LNboy409,Mr,Aston
LNboy410,Mr,Asuman
LNboy411,Mr,Asvathama
LNboy412,Mr,Asvin
LNboy413,Mr,Aswad
LNboy414,Mr,Aswin
LNboy415,Mr,Asztrik
LNboy416,Mr,Atalik
LNboy417,Mr,Atarah
LNboy418,Mr,Atawn
LNboy419,Mr,Athan
LNboy420,Mr,Atharvan
LNboy421,Mr,Athelstan
LNboy422,Mr,Atherol
LNboy423,Mr,Atherton
LNboy424,Mr,Athol
LNboy425,Mr,Athos
LNboy426,Mr,Atilla
LNboy427,Mr,Atiu
LNboy428,Mr,Atlas
LNboy429,Mr,Atley
LNboy430,Mr,Atmajyoti
LNboy431,Mr,Atman
LNboy432,Mr,Atrayl
LNboy433,Mr,Atrus
LNboy434,Mr,Attila
LNboy435,Mr,Attis
LNboy436,Mr,Atul
LNboy437,Mr,Atulya
LNboy438,Mr,Atwater
LNboy439,Mr,Atwell
LNboy440,Mr,Atworth
LNboy441,Mr,Auberon
LNboy442,Mr,Aubert
LNboy443,Mr,Aubin
LNboy444,Mr,Aubrey
LNboy445,Mr,Auburn
LNboy446,Mr,Audric
LNboy447,Mr,Audun
LNboy448,Mr,Augustine
LNboy449,Mr,Augustus
LNboy450,Mr,Aurek
LNboy451,Mr,Aurelio
LNboy452,Mr,Aurelius
LNboy453,Mr,Austell
LNboy454,Mr,Austen
LNboy455,Mr,Austin
LNboy456,Mr,Autolucus
LNboy457,Mr,Avan
LNboy458,Mr,Avel
LNboy459,Mr,Avenall
LNboy460,Mr,Averell
LNboy461,Mr,Averill
LNboy462,Mr,Avery
LNboy463,Mr,Avinash
LNboy464,Mr,Aviv
LNboy465,Mr,Avner
LNboy466,Mr,Avon
LNboy467,Mr,Avram
LNboy468,Mr,Avrom
LNboy469,Mr,Axel
LNboy470,Mr,Axton
LNboy471,Mr,Ayer
LNboy472,Mr,Ayhner
LNboy473,Mr,Aylward
LNboy474,Mr,Aylwin
LNboy475,Mr,Ayush
LNboy476,Mr,Azariah
LNboy477,Mr,Azi
LNboy478,Mr,Azim
LNboy479,Mr,Aziz
LNboy480,Mr,Azriel
LNboy481,Mr,Azzan
LNboy482,Mr,Zabulon
LNboy483,Mr,Zaccheo
LNboy484,Mr,Zachariah
LNboy485,Mr,Zacharias
LNboy486,Mr,Zachary
LNboy487,Mr,Zadok
LNboy488,Mr,Zador
LNboy489,Mr,Zafar
LNboy490,Mr,Zafer
LNboy491,Mr,Zagger
LNboy492,Mr,Zagon
LNboy493,Mr,Zahin
LNboy494,Mr,Zahir
LNboy495,Mr,Zahneny
LNboy496,Mr,Zahur
LNboy497,Mr,Zaid
LNboy498,Mr,Zaide
LNboy499,Mr,Zajzon
LNboy500,Mr,Zakai
LNboy501,Mr,Zaki
LNboy502,Mr,Zalen
LNboy503,Mr,Zale
LNboy504,Mr,Zalman
LNboy505,Mr,Zamir
LNboy506,Mr,Zamor
LNboy507,Mr,Zander
LNboy508,Mr,Zane
LNboy509,Mr,Zanebono
LNboy510,Mr,Zani
LNboy511,Mr,Zaniel
LNboy512,Mr,Zanipolo
LNboy513,Mr,Zann
LNboy514,Mr,Zanobi
LNboy515,Mr,Zarend
LNboy516,Mr,Zared
LNboy517,Mr,Zarek
LNboy518,Mr,Zavier
LNboy519,Mr,Zayden
LNboy520,Mr,Zazu
LNboy521,Mr,Zbigniew
LNboy522,Mr,Zdenek
LNboy523,Mr,Zebadiah
LNboy524,Mr,Zebedeo
LNboy525,Mr,Zebulon
LNboy526,Mr,Zebulun
LNboy527,Mr,Zechariah
LNboy528,Mr,Zedekiah
LNboy529,Mr,Zeeman
LNboy530,Mr,Zefirino
LNboy531,Mr,Zeke
LNboy532,Mr,Zeki
LNboy533,Mr,Zeko
LNboy534,Mr,Zelig
LNboy535,Mr,Zelipe
LNboy536,Mr,Zelman
LNboy537,Mr,Zelotes
LNboy538,Mr,Zenas
LNboy539,Mr,Zennor
LNboy540,Mr,Zeno
LNboy541,Mr,Zenoa
LNboy542,Mr,Zenobio
LNboy543,Mr,Zenon
LNboy544,Mr,Zenos
LNboy545,Mr,Zephan
LNboy546,Mr,Zephaniah
LNboy547,Mr,Zeren
LNboy548,Mr,Zerind
LNboy549,Mr,Zero
LNboy550,Mr,Zeroun
LNboy551,Mr,Zetany
LNboy552,Mr,Zeth
LNboy553,Mr,Zeus
LNboy554,Mr,Zev
LNboy555,Mr,Zia
LNboy556,Mr,Ziff
LNboy557,Mr,Ziggy
LNboy558,Mr,Zigmond
LNboy559,Mr,Zigmund
LNboy560,Mr,Zion
LNboy561,Mr,Zircon
LNboy562,Mr,Ziv
LNboy563,Mr,Ziven
LNboy564,Mr,Zoard
LNboy565,Mr,Zobor
LNboy566,Mr,Zoello
LNboy567,Mr,Zoilo
LNboy568,Mr,Zoland
LNboy569,Mr,Zoltan
LNboy570,Mr,Zombor
LNboy571,Mr,Zoran
LNboy572,Mr,Zoroaster
LNboy573,Mr,Zorro
LNboy574,Mr,Zosimo
LNboy575,Mr,Zotico
LNboy576,Mr,Zowie
LNboy577,Mr,Zsigmond
LNboy578,Mr,Zsolt
LNboy579,Mr,Zubin
LNboy580,Mr,Zuriel
LNboy581,Mr,Zurl
LNboy582,Mr,Wade
LNboy583,Mr,Wagner
LNboy584,Mr,Wahib
LNboy585,Mr,Wahnond
LNboy586,Mr,Wain
LNboy587,Mr,Waine
LNboy588,Mr,Wainwright
LNboy589,Mr,Waite
LNboy590,Mr,Wakefield
LNboy591,Mr,Wakeman
LNboy592,Mr,Walby
LNboy593,Mr,Walchelim
LNboy594,Mr,Waldemar
LNboy595,Mr,Walden
LNboy596,Mr,Waldo
LNboy597,Mr,Walenty
LNboy598,Mr,Waleran
LNboy599,Mr,Walford
LNboy600,Mr,Walid
LNboy601,Mr,Walker
LNboy602,Mr,Wallace
LNboy603,Mr,Walmer
LNboy604,Mr,Walpole
LNboy605,Mr,Walsh
LNboy606,Mr,Walter
LNboy607,Mr,Walton
LNboy608,Mr,Walwyn
LNboy609,Mr,Waman
LNboy610,Mr,Wang
LNboy611,Mr,Warburton
LNboy612,Mr,Ward
LNboy613,Mr,Wardell
LNboy614,Mr,Warfield
LNboy615,Mr,Warley
LNboy616,Mr,Warmund
LNboy617,Mr,Warner
LNboy618,Mr,Warra
LNboy619,Mr,Warrain
LNboy620,Mr,Warren
LNboy621,Mr,Warrigal
LNboy622,Mr,Warrun
LNboy623,Mr,Warton
LNboy624,Mr,Warwick
LNboy625,Mr,Waseem
LNboy626,Mr,Washington
LNboy627,Mr,Wasim
LNboy628,Mr,Wassily
LNboy629,Mr,Watkin
LNboy630,Mr,Watson
LNboy631,Mr,Waverley
LNboy632,Mr,Waverly
LNboy633,Mr,Wayde
LNboy634,Mr,Wayland
LNboy635,Mr,Wayne
LNboy636,Mr,Webb
LNboy637,Mr,Webster
LNboy638,Mr,Welby
LNboy639,Mr,Welch
LNboy640,Mr,Welcome
LNboy641,Mr,Weldon
LNboy642,Mr,Welford
LNboy643,Mr,Wellington
LNboy644,Mr,Wells
LNboy645,Mr,Welsh
LNboy646,Mr,Wen
LNboy647,Mr,Wenceslas
LNboy648,Mr,Wendell
LNboy649,Mr,Wendron
LNboy650,Mr,Wenlock
LNboy651,Mr,Wentworth
LNboy652,Mr,Werner
LNboy653,Mr,Wesley
LNboy654,Mr,West
LNboy655,Mr,Weston
LNboy656,Mr,Westwood
LNboy657,Mr,Wetherby
LNboy658,Mr,Weylin
LNboy659,Mr,Weymouth
LNboy660,Mr,Wheatley
LNboy661,Mr,Wheaton
LNboy662,Mr,Wheeler
LNboy663,Mr,Whetu
LNboy664,Mr,Whit
LNboy665,Mr,Whitby
LNboy666,Mr,Whitcombe
LNboy667,Mr,Whitfield
LNboy668,Mr,Whitford
LNboy669,Mr,Whitley
LNboy670,Mr,Whitmore
LNboy671,Mr,Whitney
LNboy672,Mr,Whittaker
LNboy673,Mr,Wickham
LNboy674,Mr,Wid
LNboy675,Mr,Wieslav
LNboy676,Mr,Wihtred
LNboy677,Mr,Wilbur
LNboy678,Mr,Wiley
LNboy679,Mr,Wilford
LNboy680,Mr,Wilfred
LNboy681,Mr,Wilkes
LNboy682,Mr,Wilkie
LNboy683,Mr,Will
LNboy684,Mr,Willard
LNboy685,Mr,William
LNboy686,Mr,Willis
LNboy687,Mr,Willoughby
LNboy688,Mr,Wilmer
LNboy689,Mr,Wilmot
LNboy690,Mr,Wilson
LNboy691,Mr,Wilton
LNboy692,Mr,Wim
LNboy693,Mr,Winchester
LNboy694,Mr,Windsor
LNboy695,Mr,Winog
LNboy696,Mr,Winslow
LNboy697,Mr,Winston
LNboy698,Mr,Winter
LNboy699,Mr,Winthrop
LNboy700,Mr,Winton
LNboy701,Mr,Wirrin
LNboy702,Mr,Wistan
LNboy703,Mr,Witton
LNboy704,Mr,Wolf
LNboy705,Mr,Wolfe
LNboy706,Mr,Wolfgang
LNboy707,Mr,Wolfram
LNboy708,Mr,Wolter
LNboy709,Mr,Woodburn
LNboy710,Mr,Woodley
LNboy711,Mr,Woodrow
LNboy712,Mr,Woodward
LNboy713,Mr,Woody
LNboy714,Mr,Woorak
LNboy715,Mr,Woorin
LNboy716,Mr,Worcester
LNboy717,Mr,Wren
LNboy718,Mr,Wright
LNboy719,Mr,Wulfhere
LNboy720,Mr,Wulfnoth
LNboy721,Mr,Wyatt
LNboy722,Mr,Wyber
LNboy723,Mr,Wyburn
LNboy724,Mr,Wye
LNboy725,Mr,Wykeham
LNboy726,Mr,Wylie
LNboy727,Mr,Wyman
LNboy728,Mr,Wyndam
LNboy729,Mr,Wyndham
LNboy730,Mr,Wynford
LNboy731,Mr,Wynn
LNboy732,Mr,Wynston
LNboy733,Mr,Wynton
LNboy734,Mr,Wyome
LNboy735,Mr,Wystan
LNboy736,Mr,Jabari
LNboy737,Mr,Jabez
LNboy738,Mr,Jabir
LNboy739,Mr,Jace
LNboy740,Mr,Jacek
LNboy741,Mr,Jack
LNboy742,Mr,Jackson
LNboy743,Mr,Jacob
LNboy744,Mr,Jacques
LNboy745,Mr,Jacy
LNboy746,Mr,Jaedon
LNboy747,Mr,Jael
LNboy748,Mr,Jafar
LNboy749,Mr,Jagdish
LNboy750,Mr,Jagger
LNboy751,Mr,Jago
LNboy752,Mr,Jaiden
LNboy753,Mr,Jaidev
LNboy754,Mr,Jaidon
LNboy755,Mr,Jaime
LNboy756,Mr,Jake
LNboy757,Mr,Jakob
LNboy758,Mr,Jakub
LNboy759,Mr,Jal
LNboy760,Mr,Jaleel
LNboy761,Mr,Jalen
LNboy762,Mr,Jalil
LNboy763,Mr,Jamal
LNboy764,Mr,James
LNboy765,Mr,Jamie
LNboy766,Mr,Jamieson
LNboy767,Mr,Jamison
LNboy768,Mr,Jan
LNboy769,Mr,Janak
LNboy770,Mr,Janardan
LNboy771,Mr,Janus
LNboy772,Mr,Japhet
LNboy773,Mr,Jaques
LNboy774,Mr,Jared
LNboy775,Mr,Jarek
LNboy776,Mr,Jarel
LNboy777,Mr,Jarlath
LNboy778,Mr,Jarman
LNboy779,Mr,Jaron
LNboy780,Mr,Jaroslav
LNboy781,Mr,Jarrad
LNboy782,Mr,Jarrah
LNboy783,Mr,Jarratt
LNboy784,Mr,Jarred
LNboy785,Mr,Jarrod
LNboy786,Mr,Jarvis
LNboy787,Mr,Jaryn
LNboy788,Mr,Jason
LNboy789,Mr,Jasper
LNboy790,Mr,Jatin
LNboy791,Mr,Java
LNboy792,Mr,Javan
LNboy793,Mr,Javed
LNboy794,Mr,Javier
LNboy795,Mr,Jay
LNboy796,Mr,Jayant
LNboy797,Mr,Jayden
LNboy798,Mr,Jaysukh
LNboy799,Mr,Jayvyn
LNboy800,Mr,Jean
LNboy801,Mr,Jed
LNboy802,Mr,Jedd
LNboy803,Mr,Jedediah
LNboy804,Mr,Jedidiah
LNboy805,Mr,Jedrek
LNboy806,Mr,Jeevan
LNboy807,Mr,Jeff
LNboy808,Mr,Jefferson
LNboy809,Mr,Jeffrey
LNboy810,Mr,Jehosophat
LNboy811,Mr,Jelani
LNboy812,Mr,Jenkins
LNboy813,Mr,Jens
LNboy814,Mr,Jensen
LNboy815,Mr,Jerald
LNboy816,Mr,Jerara
LNboy817,Mr,Jered
LNboy818,Mr,Jeremiah
LNboy819,Mr,Jeremias
LNboy820,Mr,Jeremy
LNboy821,Mr,Jeri
LNboy822,Mr,Jericho
LNboy823,Mr,Jermain
LNboy824,Mr,Jermyn
LNboy825,Mr,Jerod
LNboy826,Mr,Jerold
LNboy827,Mr,Jerolin
LNboy828,Mr,Jerome
LNboy829,Mr,Jerrard
LNboy830,Mr,Jerrie
LNboy831,Mr,Jerry
LNboy832,Mr,Jervaise
LNboy833,Mr,Jervis
LNboy834,Mr,Jerzy
LNboy835,Mr,Jesse
LNboy836,Mr,Jesus
LNboy837,Mr,Jet
LNboy838,Mr,Jethro
LNboy839,Mr,Jetmir
LNboy840,Mr,Jibril
LNboy841,Mr,Jiger
LNboy842,Mr,Jilesh
LNboy843,Mr,Jim
LNboy844,Mr,Jimmie
LNboy845,Mr,Jimmy
LNboy846,Mr,Jimuta
LNboy847,Mr,Jin
LNboy848,Mr,Jinesh
LNboy849,Mr,Jiri
LNboy850,Mr,Jiro
LNboy851,Mr,Jirra
LNboy852,Mr,Jiten
LNboy853,Mr,Jitender
LNboy854,Mr,Jitendra
LNboy855,Mr,Jivana
LNboy856,Mr,Jivin
LNboy857,Mr,Jo
LNboy858,Mr,Joab
LNboy859,Mr,Joachim
LNboy860,Mr,Joakim
LNboy861,Mr,Job
LNboy862,Mr,Jocelin
LNboy863,Mr,Jock
LNboy864,Mr,Jody
LNboy865,Mr,Joe
LNboy866,Mr,Joel
LNboy867,Mr,Joey
LNboy868,Mr,Joh
LNboy869,Mr,Johann
LNboy870,Mr,Johannes
LNboy871,Mr,John
LNboy872,Mr,Johnny
LNboy873,Mr,Johnson
LNboy874,Mr,Jolyon
LNboy875,Mr,Jon
LNboy876,Mr,Jonah
LNboy877,Mr,Jonathan
LNboy878,Mr,Jonny
LNboy879,Mr,Joo-Chan
LNboy880,Mr,Joost
LNboy881,Mr,Joram
LNboy882,Mr,Jordan
LNboy883,Mr,Jorge
LNboy884,Mr,Jorgen
LNboy885,Mr,Jorma
LNboy886,Mr,Jory
LNboy887,Mr,Jose
LNboy888,Mr,Josef
LNboy889,Mr,Joseph
LNboy890,Mr,Joshua
LNboy891,Mr,Josiah
LNboy892,Mr,Joss
LNboy893,Mr,Jourdain
LNboy894,Mr,Jourdan
LNboy895,Mr,Jove
LNboy896,Mr,Jowan
LNboy897,Mr,Jozef
LNboy898,Mr,Jozsef
LNboy899,Mr,Juan
LNboy900,Mr,Judah
LNboy901,Mr,Judd
LNboy902,Mr,Jude
LNboy903,Mr,Julian
LNboy904,Mr,Julius
LNboy905,Mr,Juma
LNboy906,Mr,Jung
LNboy907,Mr,Junior
LNboy908,Mr,Junius
LNboy909,Mr,Jurgen
LNboy910,Mr,Justin
LNboy911,Mr,Justus
LNboy912,Mr,Jyotis
LNboy913,Mr,Babar
LNboy914,Mr,Babul
LNboy915,Mr,Bacchus
LNboy916,Mr,Bae
LNboy917,Mr,Bahar
LNboy918,Mr,Bailey
LNboy919,Mr,Baingana
LNboy920,Mr,Baird
LNboy921,Mr,Bairn
LNboy922,Mr,Bajnok
LNboy923,Mr,Bakari
LNboy924,Mr,Baker
LNboy925,Mr,Balavan
LNboy926,Mr,Balbo
LNboy927,Mr,Balder
LNboy928,Mr,Baldric
LNboy929,Mr,Baldwin
LNboy930,Mr,Bale
LNboy931,Mr,Balfour
LNboy932,Mr,Bali
LNboy933,Mr,Balint
LNboy934,Mr,Ballard
LNboy935,Mr,Balram
LNboy936,Mr,Balthasar
LNboy937,Mr,Balthazar
LNboy938,Mr,Balun
LNboy939,Mr,Bancroft
LNboy940,Mr,Bandele
LNboy941,Mr,Bane
LNboy942,Mr,Banjora
LNboy943,Mr,Bankim
LNboy944,Mr,Banning
LNboy945,Mr,Banquo
LNboy946,Mr,Bansi
LNboy947,Mr,Baptista
LNboy948,Mr,Barabas
LNboy949,Mr,Barak
LNboy950,Mr,Baran
LNboy951,Mr,Barber
LNboy952,Mr,Barclay
LNboy953,Mr,Barden
LNboy954,Mr,Bardo
LNboy955,Mr,Bardolph
LNboy956,Mr,Bardon
LNboy957,Mr,Barega
LNboy958,Mr,Barend
LNboy959,Mr,Bari
LNboy960,Mr,Barlow
LNboy961,Mr,Barna
LNboy962,Mr,Barnabas
LNboy963,Mr,Barnard
LNboy964,Mr,Barnardine
LNboy965,Mr,Barnardo
LNboy966,Mr,Barnet
LNboy967,Mr,Barnett
LNboy968,Mr,Barney
LNboy969,Mr,Barnum
LNboy970,Mr,Barny
LNboy971,Mr,Baron
LNboy972,Mr,Barrett
LNboy973,Mr,Barry
LNboy974,Mr,Bars
LNboy975,Mr,Barse
LNboy976,Mr,Bart
LNboy977,Mr,Barth
LNboy978,Mr,Bartholomew
LNboy979,Mr,Barton
LNboy980,Mr,Baruch
LNboy981,Mr,Barwon
LNboy982,Mr,Bashir
LNboy983,Mr,Basil
LNboy984,Mr,Basim
LNboy985,Mr,Bassanio
LNboy986,Mr,Bassett
LNboy987,Mr,Bastiaan
LNboy988,Mr,Bastian
LNboy989,Mr,Bastien
LNboy990,Mr,Bates
LNboy991,Mr,Baudouin
LNboy992,Mr,Baul
LNboy993,Mr,Bavol
LNboy994,Mr,Baxter
LNboy995,Mr,Bay
LNboy996,Mr,Bayanai
LNboy997,Mr,Bayard
LNboy998,Mr,Bayley
LNboy999,Mr,Bazyli
LNboy1000,Mr,Beacan
LNboy1001,Mr,Beacher
LNboy1002,Mr,Beagan
LNboy1003,Mr,Beaman
LNboy1004,Mr,Beardsley
LNboy1005,Mr,Beathan
LNboy1006,Mr,Beattie
LNboy1007,Mr,Beau
LNboy1008,Mr,Beaumont
LNboy1009,Mr,Beauregard
LNboy1010,Mr,Bebe
LNboy1011,Mr,Becan
LNboy1012,Mr,Beck
LNboy1013,Mr,Becse
LNboy1014,Mr,Bede
LNboy1015,Mr,Bedrich
LNboy1016,Mr,Bela
LNboy1017,Mr,Belarius
LNboy1018,Mr,Beldon
LNboy1019,Mr,Belen
LNboy1020,Mr,Bellamy
LNboy1021,Mr,Bem
LNboy1022,Mr,Bemus
LNboy1023,Mr,Ben
LNboy1024,Mr,Bence
LNboy1025,Mr,Benedick
LNboy1026,Mr,Benedict
LNboy1027,Mr,Benito
LNboy1028,Mr,Benjamin
LNboy1029,Mr,Benjy
LNboy1030,Mr,Bennet
LNboy1031,Mr,Bennett
LNboy1032,Mr,Benny
LNboy1033,Mr,Benson
LNboy1034,Mr,Bentley
LNboy1035,Mr,Benton
LNboy1036,Mr,Benvolio
LNboy1037,Mr,Berenger
LNboy1038,Mr,Berg
LNboy1039,Mr,Bergen
LNboy1040,Mr,Berger
LNboy1041,Mr,Bergren
LNboy1042,Mr,Beriszl
LNboy1043,Mr,Berk
LNboy1044,Mr,Berkeley
LNboy1045,Mr,Berkly
LNboy1046,Mr,Bernard
LNboy1047,Mr,Bernardo
LNboy1048,Mr,Bernie
LNboy1049,Mr,Berny
LNboy1050,Mr,Berowne
LNboy1051,Mr,Berrigan
LNboy1052,Mr,Bersh
LNboy1053,Mr,Bert
LNboy1054,Mr,Berthold
LNboy1055,Mr,Bertie
LNboy1056,Mr,Bertram
LNboy1057,Mr,Berwyn
LNboy1058,Mr,Besnik
LNboy1059,Mr,Beval
LNboy1060,Mr,Bevan
LNboy1061,Mr,Beverly
LNboy1062,Mr,Bevis
LNboy1063,Mr,Beyers
LNboy1064,Mr,Bhagirath
LNboy1065,Mr,Bharat
LNboy1066,Mr,Bhaskar
LNboy1067,Mr,Bhavesh
LNboy1068,Mr,Bhavin
LNboy1069,Mr,Bhavya
LNboy1070,Mr,Bhim
LNboy1071,Mr,Bhima
LNboy1072,Mr,Bhishma
LNboy1073,Mr,Bhrigu
LNboy1074,Mr,Bhudev
LNboy1075,Mr,Bhupen
LNboy1076,Mr,Bhupendra
LNboy1077,Mr,Bhuvan
LNboy1078,Mr,Bialy
LNboy1079,Mr,Bilal
LNboy1080,Mr,Bill
LNboy1081,Mr,Billy
LNboy1082,Mr,Bing
LNboy1083,Mr,Bingham
LNboy1084,Mr,Binyamin
LNboy1085,Mr,Biondello
LNboy1086,Mr,Birch
LNboy1087,Mr,Bishop
LNboy1088,Mr,Bitalo
LNboy1089,Mr,Bjorn
LNboy1090,Mr,Blade
LNboy1091,Mr,Blaine
LNboy1092,Mr,Blair
LNboy1093,Mr,Blaise
LNboy1094,Mr,Blake
LNboy1095,Mr,Blakeley
LNboy1096,Mr,Blaxland
LNboy1097,Mr,Blaxton
LNboy1098,Mr,Blaz
LNboy1099,Mr,Bledig
LNboy1100,Mr,Blythe
LNboy1101,Mr,Bo
LNboy1102,Mr,Boa
LNboy1103,Mr,Boaz
LNboy1104,Mr,Bob
LNboy1105,Mr,Bobbie
LNboy1106,Mr,Bobby
LNboy1107,Mr,Bod
LNboy1108,Mr,Boden
LNboy1109,Mr,Bodo
LNboy1110,Mr,Bodor
LNboy1111,Mr,Bogart
LNboy1112,Mr,Bogdan
LNboy1113,Mr,Bolton
LNboy1114,Mr,Bonamy
LNboy1115,Mr,Bonar
LNboy1116,Mr,Bond
LNboy1117,Mr,Bonner
LNboy1118,Mr,Booker
LNboy1119,Mr,Boone
LNboy1120,Mr,Booth
LNboy1121,Mr,Borachio
LNboy1122,Mr,Borden
LNboy1123,Mr,Borg
LNboy1124,Mr,Boris
LNboy1125,Mr,Bosley
LNboy1126,Mr,Boswell
LNboy1127,Mr,Bosworth
LNboy1128,Mr,Botan
LNboy1129,Mr,Botond
LNboy1130,Mr,Bottom
LNboy1131,Mr,Boult
LNboy1132,Mr,Bourke
LNboy1133,Mr,Bowen
LNboy1134,Mr,Bowie
LNboy1135,Mr,Bowman
LNboy1136,Mr,Boyce
LNboy1137,Mr,Boyd
LNboy1138,Mr,Boyden
LNboy1139,Mr,Boyet
LNboy1140,Mr,Brabantio
LNboy1141,Mr,Brad
LNboy1142,Mr,Braden
LNboy1143,Mr,Bradford
LNboy1144,Mr,Bradley
LNboy1145,Mr,Bradwell
LNboy1146,Mr,Brady
LNboy1147,Mr,Brae
LNboy1148,Mr,Brahnan
LNboy1149,Mr,Bram
LNboy1150,Mr,Bramwell
LNboy1151,Mr,Bran
LNboy1152,Mr,Branch
LNboy1153,Mr,Brand
LNboy1154,Mr,Brandeis
LNboy1155,Mr,Brander
LNboy1156,Mr,Brandon
LNboy1157,Mr,Branko
LNboy1158,Mr,Brant
LNboy1159,Mr,Braxton
LNboy1160,Mr,Bray
LNboy1161,Mr,Brayden
LNboy1162,Mr,Braz
LNboy1163,Mr,Brazil
LNboy1164,Mr,Brecon
LNboy1165,Mr,Brencis
LNboy1166,Mr,Brendan
LNboy1167,Mr,Brennan
LNboy1168,Mr,Brent
LNboy1169,Mr,Breok
LNboy1170,Mr,Breton
LNboy1171,Mr,Brett
LNboy1172,Mr,Brewster
LNboy1173,Mr,Briac
LNboy1174,Mr,Brian
LNboy1175,Mr,Briand
LNboy1176,Mr,Brice
LNboy1177,Mr,Brigham
LNboy1178,Mr,Brighton
LNboy1179,Mr,Brij
LNboy1180,Mr,Brijesh
LNboy1181,Mr,Brinley
LNboy1182,Mr,Brishen
LNboy1183,Mr,Bristol
LNboy1184,Mr,Brock
LNboy1185,Mr,Broderick
LNboy1186,Mr,Brodie
LNboy1187,Mr,Brodny
LNboy1188,Mr,Brody
LNboy1189,Mr,Brom
LNboy1190,Mr,Bromley
LNboy1191,Mr,Bronson
LNboy1192,Mr,Brook
LNboy1193,Mr,Brooke
LNboy1194,Mr,Broughton
LNboy1195,Mr,Brown
LNboy1196,Mr,Bruce
LNboy1197,Mr,Bruno
LNboy1198,Mr,Brutus
LNboy1199,Mr,Bryan
LNboy1200,Mr,Bryant
LNboy1201,Mr,Bryce
LNboy1202,Mr,Brychan
LNboy1203,Mr,Bryn
LNboy1204,Mr,Brynmor
LNboy1205,Mr,Buck
LNboy1206,Mr,Buckley
LNboy1207,Mr,Bud
LNboy1208,Mr,Buddy
LNboy1209,Mr,Budi
LNboy1210,Mr,Burchard
LNboy1211,Mr,Burdon
LNboy1212,Mr,Burgess
LNboy1213,Mr,Burhan
LNboy1214,Mr,Burian
LNboy1215,Mr,Burke
LNboy1216,Mr,Burl
LNboy1217,Mr,Burle
LNboy1218,Mr,Burley
LNboy1219,Mr,Burnaby
LNboy1220,Mr,Burnard
LNboy1221,Mr,Burne
LNboy1222,Mr,Burnell
LNboy1223,Mr,Burnet
LNboy1224,Mr,Burnu
LNboy1225,Mr,Burnum
LNboy1226,Mr,Burr
LNboy1227,Mr,Burt
LNboy1228,Mr,Burton
LNboy1229,Mr,Busby
LNboy1230,Mr,Buster
LNboy1231,Mr,Butler
LNboy1232,Mr,Byford
LNboy1233,Mr,Bylent
LNboy1234,Mr,Byng
LNboy1235,Mr,Byron
hello,Mr,Abcdse
